path,label
circle_0,0
circle_1,0
circle_2,0
circle_3,0
circle_4,0
circle_5,0
circle_6,0
circle_7,0
circle_8,0
circle_9,0
circle_10,0
circle_11,0
circle_12,0
circle_13,0
circle_14,0
circle_15,0
circle_16,0
circle_17,0
circle_18,0
circle_19,0
circle_20,0
circle_21,0
circle_22,0
circle_23,0
circle_24,0
circle_25,0
circle_26,0
circle_27,0
circle_28,0
circle_29,0
circle_30,0
circle_31,0
circle_32,0
circle_33,0
circle_34,0
circle_35,0
circle_36,0
circle_37,0
circle_38,0
circle_39,0
circle_40,0
circle_41,0
circle_42,0
circle_43,0
circle_44,0
circle_45,0
circle_46,0
circle_47,0
circle_48,0
circle_49,0
circle_50,0
circle_51,0
circle_52,0
circle_53,0
circle_54,0
circle_55,0
circle_56,0
circle_57,0
circle_58,0
circle_59,0
circle_60,0
circle_61,0
circle_62,0
circle_63,0
circle_64,0
circle_65,0
circle_66,0
circle_67,0
circle_68,0
circle_69,0
circle_70,0
circle_71,0
circle_72,0
circle_73,0
circle_74,0
circle_75,0
circle_76,0
circle_77,0
circle_78,0
circle_79,0
circle_80,0
circle_81,0
circle_82,0
circle_83,0
circle_84,0
circle_85,0
circle_86,0
circle_87,0
circle_88,0
circle_89,0
circle_90,0
circle_91,0
circle_92,0
circle_93,0
circle_94,0
circle_95,0
circle_96,0
circle_97,0
circle_98,0
circle_99,0
circle_100,0
circle_101,0
circle_102,0
circle_103,0
circle_104,0
circle_105,0
circle_106,0
circle_107,0
circle_108,0
circle_109,0
circle_110,0
circle_111,0
circle_112,0
circle_113,0
circle_114,0
circle_115,0
circle_116,0
circle_117,0
circle_118,0
circle_119,0
circle_120,0
circle_121,0
circle_122,0
circle_123,0
circle_124,0
circle_125,0
circle_126,0
circle_127,0
circle_128,0
circle_129,0
circle_130,0
circle_131,0
circle_132,0
circle_133,0
circle_134,0
circle_135,0
circle_136,0
circle_137,0
circle_138,0
circle_139,0
circle_140,0
circle_141,0
circle_142,0
circle_143,0
circle_144,0
circle_145,0
circle_146,0
circle_147,0
circle_148,0
circle_149,0
circle_150,0
circle_151,0
circle_152,0
circle_153,0
circle_154,0
circle_155,0
circle_156,0
circle_157,0
circle_158,0
circle_159,0
circle_160,0
circle_161,0
circle_162,0
circle_163,0
circle_164,0
circle_165,0
circle_166,0
circle_167,0
circle_168,0
circle_169,0
circle_170,0
circle_171,0
circle_172,0
circle_173,0
circle_174,0
circle_175,0
circle_176,0
circle_177,0
circle_178,0
circle_179,0
circle_180,0
circle_181,0
circle_182,0
circle_183,0
circle_184,0
circle_185,0
circle_186,0
circle_187,0
circle_188,0
circle_189,0
circle_190,0
circle_191,0
circle_192,0
circle_193,0
circle_194,0
circle_195,0
circle_196,0
circle_197,0
circle_198,0
circle_199,0
circle_200,0
circle_201,0
circle_202,0
circle_203,0
circle_204,0
circle_205,0
circle_206,0
circle_207,0
circle_208,0
circle_209,0
circle_210,0
circle_211,0
circle_212,0
circle_213,0
circle_214,0
circle_215,0
circle_216,0
circle_217,0
circle_218,0
circle_219,0
circle_220,0
circle_221,0
circle_222,0
circle_223,0
circle_224,0
circle_225,0
circle_226,0
circle_227,0
circle_228,0
circle_229,0
circle_230,0
circle_231,0
circle_232,0
circle_233,0
circle_234,0
circle_235,0
circle_236,0
circle_237,0
circle_238,0
circle_239,0
circle_240,0
circle_241,0
circle_242,0
circle_243,0
circle_244,0
circle_245,0
circle_246,0
circle_247,0
circle_248,0
circle_249,0
circle_250,0
circle_251,0
circle_252,0
circle_253,0
circle_254,0
circle_255,0
circle_256,0
circle_257,0
circle_258,0
circle_259,0
circle_260,0
circle_261,0
circle_262,0
circle_263,0
circle_264,0
circle_265,0
circle_266,0
circle_267,0
circle_268,0
circle_269,0
circle_270,0
circle_271,0
circle_272,0
circle_273,0
circle_274,0
circle_275,0
circle_276,0
circle_277,0
circle_278,0
circle_279,0
circle_280,0
circle_281,0
circle_282,0
circle_283,0
circle_284,0
circle_285,0
circle_286,0
circle_287,0
circle_288,0
circle_289,0
circle_290,0
circle_291,0
circle_292,0
circle_293,0
circle_294,0
circle_295,0
circle_296,0
circle_297,0
circle_298,0
circle_299,0
circle_300,0
circle_301,0
circle_302,0
circle_303,0
circle_304,0
circle_305,0
circle_306,0
circle_307,0
circle_308,0
circle_309,0
circle_310,0
circle_311,0
circle_312,0
circle_313,0
circle_314,0
circle_315,0
circle_316,0
circle_317,0
circle_318,0
circle_319,0
circle_320,0
circle_321,0
circle_322,0
circle_323,0
circle_324,0
circle_325,0
circle_326,0
circle_327,0
circle_328,0
circle_329,0
circle_330,0
circle_331,0
circle_332,0
circle_333,0
circle_334,0
circle_335,0
circle_336,0
circle_337,0
circle_338,0
circle_339,0
circle_340,0
circle_341,0
circle_342,0
circle_343,0
circle_344,0
circle_345,0
circle_346,0
circle_347,0
circle_348,0
circle_349,0
circle_350,0
circle_351,0
circle_352,0
circle_353,0
circle_354,0
circle_355,0
circle_356,0
circle_357,0
circle_358,0
circle_359,0
circle_360,0
circle_361,0
circle_362,0
circle_363,0
circle_364,0
circle_365,0
circle_366,0
circle_367,0
circle_368,0
circle_369,0
circle_370,0
circle_371,0
circle_372,0
circle_373,0
circle_374,0
circle_375,0
circle_376,0
circle_377,0
circle_378,0
circle_379,0
circle_380,0
circle_381,0
circle_382,0
circle_383,0
circle_384,0
circle_385,0
circle_386,0
circle_387,0
circle_388,0
circle_389,0
circle_390,0
circle_391,0
circle_392,0
circle_393,0
circle_394,0
circle_395,0
circle_396,0
circle_397,0
circle_398,0
circle_399,0
circle_400,0
circle_401,0
circle_402,0
circle_403,0
circle_404,0
circle_405,0
circle_406,0
circle_407,0
circle_408,0
circle_409,0
circle_410,0
circle_411,0
circle_412,0
circle_413,0
circle_414,0
circle_415,0
circle_416,0
circle_417,0
circle_418,0
circle_419,0
circle_420,0
circle_421,0
circle_422,0
circle_423,0
circle_424,0
circle_425,0
circle_426,0
circle_427,0
circle_428,0
circle_429,0
circle_430,0
circle_431,0
circle_432,0
circle_433,0
circle_434,0
circle_435,0
circle_436,0
circle_437,0
circle_438,0
circle_439,0
circle_440,0
circle_441,0
circle_442,0
circle_443,0
circle_444,0
circle_445,0
circle_446,0
circle_447,0
circle_448,0
circle_449,0
circle_450,0
circle_451,0
circle_452,0
circle_453,0
circle_454,0
circle_455,0
circle_456,0
circle_457,0
circle_458,0
circle_459,0
circle_460,0
circle_461,0
circle_462,0
circle_463,0
circle_464,0
circle_465,0
circle_466,0
circle_467,0
circle_468,0
circle_469,0
circle_470,0
circle_471,0
circle_472,0
circle_473,0
circle_474,0
circle_475,0
circle_476,0
circle_477,0
circle_478,0
circle_479,0
circle_480,0
circle_481,0
circle_482,0
circle_483,0
circle_484,0
circle_485,0
circle_486,0
circle_487,0
circle_488,0
circle_489,0
circle_490,0
circle_491,0
circle_492,0
circle_493,0
circle_494,0
circle_495,0
circle_496,0
circle_497,0
circle_498,0
circle_499,0
circle_500,0
circle_501,0
circle_502,0
circle_503,0
circle_504,0
circle_505,0
circle_506,0
circle_507,0
circle_508,0
circle_509,0
circle_510,0
circle_511,0
circle_512,0
circle_513,0
circle_514,0
circle_515,0
circle_516,0
circle_517,0
circle_518,0
circle_519,0
circle_520,0
circle_521,0
circle_522,0
circle_523,0
circle_524,0
circle_525,0
circle_526,0
circle_527,0
circle_528,0
circle_529,0
circle_530,0
circle_531,0
circle_532,0
circle_533,0
circle_534,0
circle_535,0
circle_536,0
circle_537,0
circle_538,0
circle_539,0
circle_540,0
circle_541,0
circle_542,0
circle_543,0
circle_544,0
circle_545,0
circle_546,0
circle_547,0
circle_548,0
circle_549,0
circle_550,0
circle_551,0
circle_552,0
circle_553,0
circle_554,0
circle_555,0
circle_556,0
circle_557,0
circle_558,0
circle_559,0
circle_560,0
circle_561,0
circle_562,0
circle_563,0
circle_564,0
circle_565,0
circle_566,0
circle_567,0
circle_568,0
circle_569,0
circle_570,0
circle_571,0
circle_572,0
circle_573,0
circle_574,0
circle_575,0
circle_576,0
circle_577,0
circle_578,0
circle_579,0
circle_580,0
circle_581,0
circle_582,0
circle_583,0
circle_584,0
circle_585,0
circle_586,0
circle_587,0
circle_588,0
circle_589,0
circle_590,0
circle_591,0
circle_592,0
circle_593,0
circle_594,0
circle_595,0
circle_596,0
circle_597,0
circle_598,0
circle_599,0
square_0,1
square_1,1
square_2,1
square_3,1
square_4,1
square_5,1
square_6,1
square_7,1
square_8,1
square_9,1
square_10,1
square_11,1
square_12,1
square_13,1
square_14,1
square_15,1
square_16,1
square_17,1
square_18,1
square_19,1
square_20,1
square_21,1
square_22,1
square_23,1
square_24,1
square_25,1
square_26,1
square_27,1
square_28,1
square_29,1
square_30,1
square_31,1
square_32,1
square_33,1
square_34,1
square_35,1
square_36,1
square_37,1
square_38,1
square_39,1
square_40,1
square_41,1
square_42,1
square_43,1
square_44,1
square_45,1
square_46,1
square_47,1
square_48,1
square_49,1
square_50,1
square_51,1
square_52,1
square_53,1
square_54,1
square_55,1
square_56,1
square_57,1
square_58,1
square_59,1
square_60,1
square_61,1
square_62,1
square_63,1
square_64,1
square_65,1
square_66,1
square_67,1
square_68,1
square_69,1
square_70,1
square_71,1
square_72,1
square_73,1
square_74,1
square_75,1
square_76,1
square_77,1
square_78,1
square_79,1
square_80,1
square_81,1
square_82,1
square_83,1
square_84,1
square_85,1
square_86,1
square_87,1
square_88,1
square_89,1
square_90,1
square_91,1
square_92,1
square_93,1
square_94,1
square_95,1
square_96,1
square_97,1
square_98,1
square_99,1
square_100,1
square_101,1
square_102,1
square_103,1
square_104,1
square_105,1
square_106,1
square_107,1
square_108,1
square_109,1
square_110,1
square_111,1
square_112,1
square_113,1
square_114,1
square_115,1
square_116,1
square_117,1
square_118,1
square_119,1
square_120,1
square_121,1
square_122,1
square_123,1
square_124,1
square_125,1
square_126,1
square_127,1
square_128,1
square_129,1
square_130,1
square_131,1
square_132,1
square_133,1
square_134,1
square_135,1
square_136,1
square_137,1
square_138,1
square_139,1
square_140,1
square_141,1
square_142,1
square_143,1
square_144,1
square_145,1
square_146,1
square_147,1
square_148,1
square_149,1
square_150,1
square_151,1
square_152,1
square_153,1
square_154,1
square_155,1
square_156,1
square_157,1
square_158,1
square_159,1
square_160,1
square_161,1
square_162,1
square_163,1
square_164,1
square_165,1
square_166,1
square_167,1
square_168,1
square_169,1
square_170,1
square_171,1
square_172,1
square_173,1
square_174,1
square_175,1
square_176,1
square_177,1
square_178,1
square_179,1
square_180,1
square_181,1
square_182,1
square_183,1
square_184,1
square_185,1
square_186,1
square_187,1
square_188,1
square_189,1
square_190,1
square_191,1
square_192,1
square_193,1
square_194,1
square_195,1
square_196,1
square_197,1
square_198,1
square_199,1
square_200,1
square_201,1
square_202,1
square_203,1
square_204,1
square_205,1
square_206,1
square_207,1
square_208,1
square_209,1
square_210,1
square_211,1
square_212,1
square_213,1
square_214,1
square_215,1
square_216,1
square_217,1
square_218,1
square_219,1
square_220,1
square_221,1
square_222,1
square_223,1
square_224,1
square_225,1
square_226,1
square_227,1
square_228,1
square_229,1
square_230,1
square_231,1
square_232,1
square_233,1
square_234,1
square_235,1
square_236,1
square_237,1
square_238,1
square_239,1
square_240,1
square_241,1
square_242,1
square_243,1
square_244,1
square_245,1
square_246,1
square_247,1
square_248,1
square_249,1
square_250,1
square_251,1
square_252,1
square_253,1
square_254,1
square_255,1
square_256,1
square_257,1
square_258,1
square_259,1
square_260,1
square_261,1
square_262,1
square_263,1
square_264,1
square_265,1
square_266,1
square_267,1
square_268,1
square_269,1
square_270,1
square_271,1
square_272,1
square_273,1
square_274,1
square_275,1
square_276,1
square_277,1
square_278,1
square_279,1
square_280,1
square_281,1
square_282,1
square_283,1
square_284,1
square_285,1
square_286,1
square_287,1
square_288,1
square_289,1
square_290,1
square_291,1
square_292,1
square_293,1
square_294,1
square_295,1
square_296,1
square_297,1
square_298,1
square_299,1
square_300,1
square_301,1
square_302,1
square_303,1
square_304,1
square_305,1
square_306,1
square_307,1
square_308,1
square_309,1
square_310,1
square_311,1
square_312,1
square_313,1
square_314,1
square_315,1
square_316,1
square_317,1
square_318,1
square_319,1
square_320,1
square_321,1
square_322,1
square_323,1
square_324,1
square_325,1
square_326,1
square_327,1
square_328,1
square_329,1
square_330,1
square_331,1
square_332,1
square_333,1
square_334,1
square_335,1
square_336,1
square_337,1
square_338,1
square_339,1
square_340,1
square_341,1
square_342,1
square_343,1
square_344,1
square_345,1
square_346,1
square_347,1
square_348,1
square_349,1
square_350,1
square_351,1
square_352,1
square_353,1
square_354,1
square_355,1
square_356,1
square_357,1
square_358,1
square_359,1
square_360,1
square_361,1
square_362,1
square_363,1
square_364,1
square_365,1
square_366,1
square_367,1
square_368,1
square_369,1
square_370,1
square_371,1
square_372,1
square_373,1
square_374,1
square_375,1
square_376,1
square_377,1
square_378,1
square_379,1
square_380,1
square_381,1
square_382,1
square_383,1
square_384,1
square_385,1
square_386,1
square_387,1
square_388,1
square_389,1
square_390,1
square_391,1
square_392,1
square_393,1
square_394,1
square_395,1
square_396,1
square_397,1
square_398,1
square_399,1
square_400,1
square_401,1
square_402,1
square_403,1
square_404,1
square_405,1
square_406,1
square_407,1
square_408,1
square_409,1
square_410,1
square_411,1
square_412,1
square_413,1
square_414,1
square_415,1
square_416,1
square_417,1
square_418,1
square_419,1
square_420,1
square_421,1
square_422,1
square_423,1
square_424,1
square_425,1
square_426,1
square_427,1
square_428,1
square_429,1
square_430,1
square_431,1
square_432,1
square_433,1
square_434,1
square_435,1
square_436,1
square_437,1
square_438,1
square_439,1
square_440,1
square_441,1
square_442,1
square_443,1
square_444,1
square_445,1
square_446,1
square_447,1
square_448,1
square_449,1
square_450,1
square_451,1
square_452,1
square_453,1
square_454,1
square_455,1
square_456,1
square_457,1
square_458,1
square_459,1
square_460,1
square_461,1
square_462,1
square_463,1
square_464,1
square_465,1
square_466,1
square_467,1
square_468,1
square_469,1
square_470,1
square_471,1
square_472,1
square_473,1
square_474,1
square_475,1
square_476,1
square_477,1
square_478,1
square_479,1
square_480,1
square_481,1
square_482,1
square_483,1
square_484,1
square_485,1
square_486,1
square_487,1
square_488,1
square_489,1
square_490,1
square_491,1
square_492,1
square_493,1
square_494,1
square_495,1
square_496,1
square_497,1
square_498,1
square_499,1
square_500,1
square_501,1
square_502,1
square_503,1
square_504,1
square_505,1
square_506,1
square_507,1
square_508,1
square_509,1
square_510,1
square_511,1
square_512,1
square_513,1
square_514,1
square_515,1
square_516,1
square_517,1
square_518,1
square_519,1
square_520,1
square_521,1
square_522,1
square_523,1
square_524,1
square_525,1
square_526,1
square_527,1
square_528,1
square_529,1
square_530,1
square_531,1
square_532,1
square_533,1
square_534,1
square_535,1
square_536,1
square_537,1
square_538,1
square_539,1
square_540,1
square_541,1
square_542,1
square_543,1
square_544,1
square_545,1
square_546,1
square_547,1
square_548,1
square_549,1
square_550,1
square_551,1
square_552,1
square_553,1
square_554,1
square_555,1
square_556,1
square_557,1
square_558,1
square_559,1
square_560,1
square_561,1
square_562,1
square_563,1
square_564,1
square_565,1
square_566,1
square_567,1
square_568,1
square_569,1
square_570,1
square_571,1
square_572,1
square_573,1
square_574,1
square_575,1
square_576,1
square_577,1
square_578,1
square_579,1
square_580,1
square_581,1
square_582,1
square_583,1
square_584,1
square_585,1
square_586,1
square_587,1
square_588,1
square_589,1
square_590,1
square_591,1
square_592,1
square_593,1
square_594,1
square_595,1
square_596,1
square_597,1
square_598,1
square_599,1
rectangle_0,2
rectangle_1,2
rectangle_2,2
rectangle_3,2
rectangle_4,2
rectangle_5,2
rectangle_6,2
rectangle_7,2
rectangle_8,2
rectangle_9,2
rectangle_10,2
rectangle_11,2
rectangle_12,2
rectangle_13,2
rectangle_14,2
rectangle_15,2
rectangle_16,2
rectangle_17,2
rectangle_18,2
rectangle_19,2
rectangle_20,2
rectangle_21,2
rectangle_22,2
rectangle_23,2
rectangle_24,2
rectangle_25,2
rectangle_26,2
rectangle_27,2
rectangle_28,2
rectangle_29,2
rectangle_30,2
rectangle_31,2
rectangle_32,2
rectangle_33,2
rectangle_34,2
rectangle_35,2
rectangle_36,2
rectangle_37,2
rectangle_38,2
rectangle_39,2
rectangle_40,2
rectangle_41,2
rectangle_42,2
rectangle_43,2
rectangle_44,2
rectangle_45,2
rectangle_46,2
rectangle_47,2
rectangle_48,2
rectangle_49,2
rectangle_50,2
rectangle_51,2
rectangle_52,2
rectangle_53,2
rectangle_54,2
rectangle_55,2
rectangle_56,2
rectangle_57,2
rectangle_58,2
rectangle_59,2
rectangle_60,2
rectangle_61,2
rectangle_62,2
rectangle_63,2
rectangle_64,2
rectangle_65,2
rectangle_66,2
rectangle_67,2
rectangle_68,2
rectangle_69,2
rectangle_70,2
rectangle_71,2
rectangle_72,2
rectangle_73,2
rectangle_74,2
rectangle_75,2
rectangle_76,2
rectangle_77,2
rectangle_78,2
rectangle_79,2
rectangle_80,2
rectangle_81,2
rectangle_82,2
rectangle_83,2
rectangle_84,2
rectangle_85,2
rectangle_86,2
rectangle_87,2
rectangle_88,2
rectangle_89,2
rectangle_90,2
rectangle_91,2
rectangle_92,2
rectangle_93,2
rectangle_94,2
rectangle_95,2
rectangle_96,2
rectangle_97,2
rectangle_98,2
rectangle_99,2
rectangle_100,2
rectangle_101,2
rectangle_102,2
rectangle_103,2
rectangle_104,2
rectangle_105,2
rectangle_106,2
rectangle_107,2
rectangle_108,2
rectangle_109,2
rectangle_110,2
rectangle_111,2
rectangle_112,2
rectangle_113,2
rectangle_114,2
rectangle_115,2
rectangle_116,2
rectangle_117,2
rectangle_118,2
rectangle_119,2
rectangle_120,2
rectangle_121,2
rectangle_122,2
rectangle_123,2
rectangle_124,2
rectangle_125,2
rectangle_126,2
rectangle_127,2
rectangle_128,2
rectangle_129,2
rectangle_130,2
rectangle_131,2
rectangle_132,2
rectangle_133,2
rectangle_134,2
rectangle_135,2
rectangle_136,2
rectangle_137,2
rectangle_138,2
rectangle_139,2
rectangle_140,2
rectangle_141,2
rectangle_142,2
rectangle_143,2
rectangle_144,2
rectangle_145,2
rectangle_146,2
rectangle_147,2
rectangle_148,2
rectangle_149,2
rectangle_150,2
rectangle_151,2
rectangle_152,2
rectangle_153,2
rectangle_154,2
rectangle_155,2
rectangle_156,2
rectangle_157,2
rectangle_158,2
rectangle_159,2
rectangle_160,2
rectangle_161,2
rectangle_162,2
rectangle_163,2
rectangle_164,2
rectangle_165,2
rectangle_166,2
rectangle_167,2
rectangle_168,2
rectangle_169,2
rectangle_170,2
rectangle_171,2
rectangle_172,2
rectangle_173,2
rectangle_174,2
rectangle_175,2
rectangle_176,2
rectangle_177,2
rectangle_178,2
rectangle_179,2
rectangle_180,2
rectangle_181,2
rectangle_182,2
rectangle_183,2
rectangle_184,2
rectangle_185,2
rectangle_186,2
rectangle_187,2
rectangle_188,2
rectangle_189,2
rectangle_190,2
rectangle_191,2
rectangle_192,2
rectangle_193,2
rectangle_194,2
rectangle_195,2
rectangle_196,2
rectangle_197,2
rectangle_198,2
rectangle_199,2
rectangle_200,2
rectangle_201,2
rectangle_202,2
rectangle_203,2
rectangle_204,2
rectangle_205,2
rectangle_206,2
rectangle_207,2
rectangle_208,2
rectangle_209,2
rectangle_210,2
rectangle_211,2
rectangle_212,2
rectangle_213,2
rectangle_214,2
rectangle_215,2
rectangle_216,2
rectangle_217,2
rectangle_218,2
rectangle_219,2
rectangle_220,2
rectangle_221,2
rectangle_222,2
rectangle_223,2
rectangle_224,2
rectangle_225,2
rectangle_226,2
rectangle_227,2
rectangle_228,2
rectangle_229,2
rectangle_230,2
rectangle_231,2
rectangle_232,2
rectangle_233,2
rectangle_234,2
rectangle_235,2
rectangle_236,2
rectangle_237,2
rectangle_238,2
rectangle_239,2
rectangle_240,2
rectangle_241,2
rectangle_242,2
rectangle_243,2
rectangle_244,2
rectangle_245,2
rectangle_246,2
rectangle_247,2
rectangle_248,2
rectangle_249,2
rectangle_250,2
rectangle_251,2
rectangle_252,2
rectangle_253,2
rectangle_254,2
rectangle_255,2
rectangle_256,2
rectangle_257,2
rectangle_258,2
rectangle_259,2
rectangle_260,2
rectangle_261,2
rectangle_262,2
rectangle_263,2
rectangle_264,2
rectangle_265,2
rectangle_266,2
rectangle_267,2
rectangle_268,2
rectangle_269,2
rectangle_270,2
rectangle_271,2
rectangle_272,2
rectangle_273,2
rectangle_274,2
rectangle_275,2
rectangle_276,2
rectangle_277,2
rectangle_278,2
rectangle_279,2
rectangle_280,2
rectangle_281,2
rectangle_282,2
rectangle_283,2
rectangle_284,2
rectangle_285,2
rectangle_286,2
rectangle_287,2
rectangle_288,2
rectangle_289,2
rectangle_290,2
rectangle_291,2
rectangle_292,2
rectangle_293,2
rectangle_294,2
rectangle_295,2
rectangle_296,2
rectangle_297,2
rectangle_298,2
rectangle_299,2
rectangle_300,2
rectangle_301,2
rectangle_302,2
rectangle_303,2
rectangle_304,2
rectangle_305,2
rectangle_306,2
rectangle_307,2
rectangle_308,2
rectangle_309,2
rectangle_310,2
rectangle_311,2
rectangle_312,2
rectangle_313,2
rectangle_314,2
rectangle_315,2
rectangle_316,2
rectangle_317,2
rectangle_318,2
rectangle_319,2
rectangle_320,2
rectangle_321,2
rectangle_322,2
rectangle_323,2
rectangle_324,2
rectangle_325,2
rectangle_326,2
rectangle_327,2
rectangle_328,2
rectangle_329,2
rectangle_330,2
rectangle_331,2
rectangle_332,2
rectangle_333,2
rectangle_334,2
rectangle_335,2
rectangle_336,2
rectangle_337,2
rectangle_338,2
rectangle_339,2
rectangle_340,2
rectangle_341,2
rectangle_342,2
rectangle_343,2
rectangle_344,2
rectangle_345,2
rectangle_346,2
rectangle_347,2
rectangle_348,2
rectangle_349,2
rectangle_350,2
rectangle_351,2
rectangle_352,2
rectangle_353,2
rectangle_354,2
rectangle_355,2
rectangle_356,2
rectangle_357,2
rectangle_358,2
rectangle_359,2
rectangle_360,2
rectangle_361,2
rectangle_362,2
rectangle_363,2
rectangle_364,2
rectangle_365,2
rectangle_366,2
rectangle_367,2
rectangle_368,2
rectangle_369,2
rectangle_370,2
rectangle_371,2
rectangle_372,2
rectangle_373,2
rectangle_374,2
rectangle_375,2
rectangle_376,2
rectangle_377,2
rectangle_378,2
rectangle_379,2
rectangle_380,2
rectangle_381,2
rectangle_382,2
rectangle_383,2
rectangle_384,2
rectangle_385,2
rectangle_386,2
rectangle_387,2
rectangle_388,2
rectangle_389,2
rectangle_390,2
rectangle_391,2
rectangle_392,2
rectangle_393,2
rectangle_394,2
rectangle_395,2
rectangle_396,2
rectangle_397,2
rectangle_398,2
rectangle_399,2
rectangle_400,2
rectangle_401,2
rectangle_402,2
rectangle_403,2
rectangle_404,2
rectangle_405,2
rectangle_406,2
rectangle_407,2
rectangle_408,2
rectangle_409,2
rectangle_410,2
rectangle_411,2
rectangle_412,2
rectangle_413,2
rectangle_414,2
rectangle_415,2
rectangle_416,2
rectangle_417,2
rectangle_418,2
rectangle_419,2
rectangle_420,2
rectangle_421,2
rectangle_422,2
rectangle_423,2
rectangle_424,2
rectangle_425,2
rectangle_426,2
rectangle_427,2
rectangle_428,2
rectangle_429,2
rectangle_430,2
rectangle_431,2
rectangle_432,2
rectangle_433,2
rectangle_434,2
rectangle_435,2
rectangle_436,2
rectangle_437,2
rectangle_438,2
rectangle_439,2
rectangle_440,2
rectangle_441,2
rectangle_442,2
rectangle_443,2
rectangle_444,2
rectangle_445,2
rectangle_446,2
rectangle_447,2
rectangle_448,2
rectangle_449,2
rectangle_450,2
rectangle_451,2
rectangle_452,2
rectangle_453,2
rectangle_454,2
rectangle_455,2
rectangle_456,2
rectangle_457,2
rectangle_458,2
rectangle_459,2
rectangle_460,2
rectangle_461,2
rectangle_462,2
rectangle_463,2
rectangle_464,2
rectangle_465,2
rectangle_466,2
rectangle_467,2
rectangle_468,2
rectangle_469,2
rectangle_470,2
rectangle_471,2
rectangle_472,2
rectangle_473,2
rectangle_474,2
rectangle_475,2
rectangle_476,2
rectangle_477,2
rectangle_478,2
rectangle_479,2
rectangle_480,2
rectangle_481,2
rectangle_482,2
rectangle_483,2
rectangle_484,2
rectangle_485,2
rectangle_486,2
rectangle_487,2
rectangle_488,2
rectangle_489,2
rectangle_490,2
rectangle_491,2
rectangle_492,2
rectangle_493,2
rectangle_494,2
rectangle_495,2
rectangle_496,2
rectangle_497,2
rectangle_498,2
rectangle_499,2
rectangle_500,2
rectangle_501,2
rectangle_502,2
rectangle_503,2
rectangle_504,2
rectangle_505,2
rectangle_506,2
rectangle_507,2
rectangle_508,2
rectangle_509,2
rectangle_510,2
rectangle_511,2
rectangle_512,2
rectangle_513,2
rectangle_514,2
rectangle_515,2
rectangle_516,2
rectangle_517,2
rectangle_518,2
rectangle_519,2
rectangle_520,2
rectangle_521,2
rectangle_522,2
rectangle_523,2
rectangle_524,2
rectangle_525,2
rectangle_526,2
rectangle_527,2
rectangle_528,2
rectangle_529,2
rectangle_530,2
rectangle_531,2
rectangle_532,2
rectangle_533,2
rectangle_534,2
rectangle_535,2
rectangle_536,2
rectangle_537,2
rectangle_538,2
rectangle_539,2
rectangle_540,2
rectangle_541,2
rectangle_542,2
rectangle_543,2
rectangle_544,2
rectangle_545,2
rectangle_546,2
rectangle_547,2
rectangle_548,2
rectangle_549,2
rectangle_550,2
rectangle_551,2
rectangle_552,2
rectangle_553,2
rectangle_554,2
rectangle_555,2
rectangle_556,2
rectangle_557,2
rectangle_558,2
rectangle_559,2
rectangle_560,2
rectangle_561,2
rectangle_562,2
rectangle_563,2
rectangle_564,2
rectangle_565,2
rectangle_566,2
rectangle_567,2
rectangle_568,2
rectangle_569,2
rectangle_570,2
rectangle_571,2
rectangle_572,2
rectangle_573,2
rectangle_574,2
rectangle_575,2
rectangle_576,2
rectangle_577,2
rectangle_578,2
rectangle_579,2
rectangle_580,2
rectangle_581,2
rectangle_582,2
rectangle_583,2
rectangle_584,2
rectangle_585,2
rectangle_586,2
rectangle_587,2
rectangle_588,2
rectangle_589,2
rectangle_590,2
rectangle_591,2
rectangle_592,2
rectangle_593,2
rectangle_594,2
rectangle_595,2
rectangle_596,2
rectangle_597,2
rectangle_598,2
rectangle_599,2
triangle_0,3
triangle_1,3
triangle_2,3
triangle_3,3
triangle_4,3
triangle_5,3
triangle_6,3
triangle_7,3
triangle_8,3
triangle_9,3
triangle_10,3
triangle_11,3
triangle_12,3
triangle_13,3
triangle_14,3
triangle_15,3
triangle_16,3
triangle_17,3
triangle_18,3
triangle_19,3
triangle_20,3
triangle_21,3
triangle_22,3
triangle_23,3
triangle_24,3
triangle_25,3
triangle_26,3
triangle_27,3
triangle_28,3
triangle_29,3
triangle_30,3
triangle_31,3
triangle_32,3
triangle_33,3
triangle_34,3
triangle_35,3
triangle_36,3
triangle_37,3
triangle_38,3
triangle_39,3
triangle_40,3
triangle_41,3
triangle_42,3
triangle_43,3
triangle_44,3
triangle_45,3
triangle_46,3
triangle_47,3
triangle_48,3
triangle_49,3
triangle_50,3
triangle_51,3
triangle_52,3
triangle_53,3
triangle_54,3
triangle_55,3
triangle_56,3
triangle_57,3
triangle_58,3
triangle_59,3
triangle_60,3
triangle_61,3
triangle_62,3
triangle_63,3
triangle_64,3
triangle_65,3
triangle_66,3
triangle_67,3
triangle_68,3
triangle_69,3
triangle_70,3
triangle_71,3
triangle_72,3
triangle_73,3
triangle_74,3
triangle_75,3
triangle_76,3
triangle_77,3
triangle_78,3
triangle_79,3
triangle_80,3
triangle_81,3
triangle_82,3
triangle_83,3
triangle_84,3
triangle_85,3
triangle_86,3
triangle_87,3
triangle_88,3
triangle_89,3
triangle_90,3
triangle_91,3
triangle_92,3
triangle_93,3
triangle_94,3
triangle_95,3
triangle_96,3
triangle_97,3
triangle_98,3
triangle_99,3
triangle_100,3
triangle_101,3
triangle_102,3
triangle_103,3
triangle_104,3
triangle_105,3
triangle_106,3
triangle_107,3
triangle_108,3
triangle_109,3
triangle_110,3
triangle_111,3
triangle_112,3
triangle_113,3
triangle_114,3
triangle_115,3
triangle_116,3
triangle_117,3
triangle_118,3
triangle_119,3
triangle_120,3
triangle_121,3
triangle_122,3
triangle_123,3
triangle_124,3
triangle_125,3
triangle_126,3
triangle_127,3
triangle_128,3
triangle_129,3
triangle_130,3
triangle_131,3
triangle_132,3
triangle_133,3
triangle_134,3
triangle_135,3
triangle_136,3
triangle_137,3
triangle_138,3
triangle_139,3
triangle_140,3
triangle_141,3
triangle_142,3
triangle_143,3
triangle_144,3
triangle_145,3
triangle_146,3
triangle_147,3
triangle_148,3
triangle_149,3
triangle_150,3
triangle_151,3
triangle_152,3
triangle_153,3
triangle_154,3
triangle_155,3
triangle_156,3
triangle_157,3
triangle_158,3
triangle_159,3
triangle_160,3
triangle_161,3
triangle_162,3
triangle_163,3
triangle_164,3
triangle_165,3
triangle_166,3
triangle_167,3
triangle_168,3
triangle_169,3
triangle_170,3
triangle_171,3
triangle_172,3
triangle_173,3
triangle_174,3
triangle_175,3
triangle_176,3
triangle_177,3
triangle_178,3
triangle_179,3
triangle_180,3
triangle_181,3
triangle_182,3
triangle_183,3
triangle_184,3
triangle_185,3
triangle_186,3
triangle_187,3
triangle_188,3
triangle_189,3
triangle_190,3
triangle_191,3
triangle_192,3
triangle_193,3
triangle_194,3
triangle_195,3
triangle_196,3
triangle_197,3
triangle_198,3
triangle_199,3
triangle_200,3
triangle_201,3
triangle_202,3
triangle_203,3
triangle_204,3
triangle_205,3
triangle_206,3
triangle_207,3
triangle_208,3
triangle_209,3
triangle_210,3
triangle_211,3
triangle_212,3
triangle_213,3
triangle_214,3
triangle_215,3
triangle_216,3
triangle_217,3
triangle_218,3
triangle_219,3
triangle_220,3
triangle_221,3
triangle_222,3
triangle_223,3
triangle_224,3
triangle_225,3
triangle_226,3
triangle_227,3
triangle_228,3
triangle_229,3
triangle_230,3
triangle_231,3
triangle_232,3
triangle_233,3
triangle_234,3
triangle_235,3
triangle_236,3
triangle_237,3
triangle_238,3
triangle_239,3
triangle_240,3
triangle_241,3
triangle_242,3
triangle_243,3
triangle_244,3
triangle_245,3
triangle_246,3
triangle_247,3
triangle_248,3
triangle_249,3
triangle_250,3
triangle_251,3
triangle_252,3
triangle_253,3
triangle_254,3
triangle_255,3
triangle_256,3
triangle_257,3
triangle_258,3
triangle_259,3
triangle_260,3
triangle_261,3
triangle_262,3
triangle_263,3
triangle_264,3
triangle_265,3
triangle_266,3
triangle_267,3
triangle_268,3
triangle_269,3
triangle_270,3
triangle_271,3
triangle_272,3
triangle_273,3
triangle_274,3
triangle_275,3
triangle_276,3
triangle_277,3
triangle_278,3
triangle_279,3
triangle_280,3
triangle_281,3
triangle_282,3
triangle_283,3
triangle_284,3
triangle_285,3
triangle_286,3
triangle_287,3
triangle_288,3
triangle_289,3
triangle_290,3
triangle_291,3
triangle_292,3
triangle_293,3
triangle_294,3
triangle_295,3
triangle_296,3
triangle_297,3
triangle_298,3
triangle_299,3
triangle_300,3
triangle_301,3
triangle_302,3
triangle_303,3
triangle_304,3
triangle_305,3
triangle_306,3
triangle_307,3
triangle_308,3
triangle_309,3
triangle_310,3
triangle_311,3
triangle_312,3
triangle_313,3
triangle_314,3
triangle_315,3
triangle_316,3
triangle_317,3
triangle_318,3
triangle_319,3
triangle_320,3
triangle_321,3
triangle_322,3
triangle_323,3
triangle_324,3
triangle_325,3
triangle_326,3
triangle_327,3
triangle_328,3
triangle_329,3
triangle_330,3
triangle_331,3
triangle_332,3
triangle_333,3
triangle_334,3
triangle_335,3
triangle_336,3
triangle_337,3
triangle_338,3
triangle_339,3
triangle_340,3
triangle_341,3
triangle_342,3
triangle_343,3
triangle_344,3
triangle_345,3
triangle_346,3
triangle_347,3
triangle_348,3
triangle_349,3
triangle_350,3
triangle_351,3
triangle_352,3
triangle_353,3
triangle_354,3
triangle_355,3
triangle_356,3
triangle_357,3
triangle_358,3
triangle_359,3
triangle_360,3
triangle_361,3
triangle_362,3
triangle_363,3
triangle_364,3
triangle_365,3
triangle_366,3
triangle_367,3
triangle_368,3
triangle_369,3
triangle_370,3
triangle_371,3
triangle_372,3
triangle_373,3
triangle_374,3
triangle_375,3
triangle_376,3
triangle_377,3
triangle_378,3
triangle_379,3
triangle_380,3
triangle_381,3
triangle_382,3
triangle_383,3
triangle_384,3
triangle_385,3
triangle_386,3
triangle_387,3
triangle_388,3
triangle_389,3
triangle_390,3
triangle_391,3
triangle_392,3
triangle_393,3
triangle_394,3
triangle_395,3
triangle_396,3
triangle_397,3
triangle_398,3
triangle_399,3
triangle_400,3
triangle_401,3
triangle_402,3
triangle_403,3
triangle_404,3
triangle_405,3
triangle_406,3
triangle_407,3
triangle_408,3
triangle_409,3
triangle_410,3
triangle_411,3
triangle_412,3
triangle_413,3
triangle_414,3
triangle_415,3
triangle_416,3
triangle_417,3
triangle_418,3
triangle_419,3
triangle_420,3
triangle_421,3
triangle_422,3
triangle_423,3
triangle_424,3
triangle_425,3
triangle_426,3
triangle_427,3
triangle_428,3
triangle_429,3
triangle_430,3
triangle_431,3
triangle_432,3
triangle_433,3
triangle_434,3
triangle_435,3
triangle_436,3
triangle_437,3
triangle_438,3
triangle_439,3
triangle_440,3
triangle_441,3
triangle_442,3
triangle_443,3
triangle_444,3
triangle_445,3
triangle_446,3
triangle_447,3
triangle_448,3
triangle_449,3
triangle_450,3
triangle_451,3
triangle_452,3
triangle_453,3
triangle_454,3
triangle_455,3
triangle_456,3
triangle_457,3
triangle_458,3
triangle_459,3
triangle_460,3
triangle_461,3
triangle_462,3
triangle_463,3
triangle_464,3
triangle_465,3
triangle_466,3
triangle_467,3
triangle_468,3
triangle_469,3
triangle_470,3
triangle_471,3
triangle_472,3
triangle_473,3
triangle_474,3
triangle_475,3
triangle_476,3
triangle_477,3
triangle_478,3
triangle_479,3
triangle_480,3
triangle_481,3
triangle_482,3
triangle_483,3
triangle_484,3
triangle_485,3
triangle_486,3
triangle_487,3
triangle_488,3
triangle_489,3
triangle_490,3
triangle_491,3
triangle_492,3
triangle_493,3
triangle_494,3
triangle_495,3
triangle_496,3
triangle_497,3
triangle_498,3
triangle_499,3
triangle_500,3
triangle_501,3
triangle_502,3
triangle_503,3
triangle_504,3
triangle_505,3
triangle_506,3
triangle_507,3
triangle_508,3
triangle_509,3
triangle_510,3
triangle_511,3
triangle_512,3
triangle_513,3
triangle_514,3
triangle_515,3
triangle_516,3
triangle_517,3
triangle_518,3
triangle_519,3
triangle_520,3
triangle_521,3
triangle_522,3
triangle_523,3
triangle_524,3
triangle_525,3
triangle_526,3
triangle_527,3
triangle_528,3
triangle_529,3
triangle_530,3
triangle_531,3
triangle_532,3
triangle_533,3
triangle_534,3
triangle_535,3
triangle_536,3
triangle_537,3
triangle_538,3
triangle_539,3
triangle_540,3
triangle_541,3
triangle_542,3
triangle_543,3
triangle_544,3
triangle_545,3
triangle_546,3
triangle_547,3
triangle_548,3
triangle_549,3
triangle_550,3
triangle_551,3
triangle_552,3
triangle_553,3
triangle_554,3
triangle_555,3
triangle_556,3
triangle_557,3
triangle_558,3
triangle_559,3
triangle_560,3
triangle_561,3
triangle_562,3
triangle_563,3
triangle_564,3
triangle_565,3
triangle_566,3
triangle_567,3
triangle_568,3
triangle_569,3
triangle_570,3
triangle_571,3
triangle_572,3
triangle_573,3
triangle_574,3
triangle_575,3
triangle_576,3
triangle_577,3
triangle_578,3
triangle_579,3
triangle_580,3
triangle_581,3
triangle_582,3
triangle_583,3
triangle_584,3
triangle_585,3
triangle_586,3
triangle_587,3
triangle_588,3
triangle_589,3
triangle_590,3
triangle_591,3
triangle_592,3
triangle_593,3
triangle_594,3
triangle_595,3
triangle_596,3
triangle_597,3
triangle_598,3
triangle_599,3
polygon_0,4
polygon_1,4
polygon_2,4
polygon_3,4
polygon_4,4
polygon_5,4
polygon_6,4
polygon_7,4
polygon_8,4
polygon_9,4
polygon_10,4
polygon_11,4
polygon_12,4
polygon_13,4
polygon_14,4
polygon_15,4
polygon_16,4
polygon_17,4
polygon_18,4
polygon_19,4
polygon_20,4
polygon_21,4
polygon_22,4
polygon_23,4
polygon_24,4
polygon_25,4
polygon_26,4
polygon_27,4
polygon_28,4
polygon_29,4
polygon_30,4
polygon_31,4
polygon_32,4
polygon_33,4
polygon_34,4
polygon_35,4
polygon_36,4
polygon_37,4
polygon_38,4
polygon_39,4
polygon_40,4
polygon_41,4
polygon_42,4
polygon_43,4
polygon_44,4
polygon_45,4
polygon_46,4
polygon_47,4
polygon_48,4
polygon_49,4
polygon_50,4
polygon_51,4
polygon_52,4
polygon_53,4
polygon_54,4
polygon_55,4
polygon_56,4
polygon_57,4
polygon_58,4
polygon_59,4
polygon_60,4
polygon_61,4
polygon_62,4
polygon_63,4
polygon_64,4
polygon_65,4
polygon_66,4
polygon_67,4
polygon_68,4
polygon_69,4
polygon_70,4
polygon_71,4
polygon_72,4
polygon_73,4
polygon_74,4
polygon_75,4
polygon_76,4
polygon_77,4
polygon_78,4
polygon_79,4
polygon_80,4
polygon_81,4
polygon_82,4
polygon_83,4
polygon_84,4
polygon_85,4
polygon_86,4
polygon_87,4
polygon_88,4
polygon_89,4
polygon_90,4
polygon_91,4
polygon_92,4
polygon_93,4
polygon_94,4
polygon_95,4
polygon_96,4
polygon_97,4
polygon_98,4
polygon_99,4
polygon_100,4
polygon_101,4
polygon_102,4
polygon_103,4
polygon_104,4
polygon_105,4
polygon_106,4
polygon_107,4
polygon_108,4
polygon_109,4
polygon_110,4
polygon_111,4
polygon_112,4
polygon_113,4
polygon_114,4
polygon_115,4
polygon_116,4
polygon_117,4
polygon_118,4
polygon_119,4
polygon_120,4
polygon_121,4
polygon_122,4
polygon_123,4
polygon_124,4
polygon_125,4
polygon_126,4
polygon_127,4
polygon_128,4
polygon_129,4
polygon_130,4
polygon_131,4
polygon_132,4
polygon_133,4
polygon_134,4
polygon_135,4
polygon_136,4
polygon_137,4
polygon_138,4
polygon_139,4
polygon_140,4
polygon_141,4
polygon_142,4
polygon_143,4
polygon_144,4
polygon_145,4
polygon_146,4
polygon_147,4
polygon_148,4
polygon_149,4
polygon_150,4
polygon_151,4
polygon_152,4
polygon_153,4
polygon_154,4
polygon_155,4
polygon_156,4
polygon_157,4
polygon_158,4
polygon_159,4
polygon_160,4
polygon_161,4
polygon_162,4
polygon_163,4
polygon_164,4
polygon_165,4
polygon_166,4
polygon_167,4
polygon_168,4
polygon_169,4
polygon_170,4
polygon_171,4
polygon_172,4
polygon_173,4
polygon_174,4
polygon_175,4
polygon_176,4
polygon_177,4
polygon_178,4
polygon_179,4
polygon_180,4
polygon_181,4
polygon_182,4
polygon_183,4
polygon_184,4
polygon_185,4
polygon_186,4
polygon_187,4
polygon_188,4
polygon_189,4
polygon_190,4
polygon_191,4
polygon_192,4
polygon_193,4
polygon_194,4
polygon_195,4
polygon_196,4
polygon_197,4
polygon_198,4
polygon_199,4
polygon_200,4
polygon_201,4
polygon_202,4
polygon_203,4
polygon_204,4
polygon_205,4
polygon_206,4
polygon_207,4
polygon_208,4
polygon_209,4
polygon_210,4
polygon_211,4
polygon_212,4
polygon_213,4
polygon_214,4
polygon_215,4
polygon_216,4
polygon_217,4
polygon_218,4
polygon_219,4
polygon_220,4
polygon_221,4
polygon_222,4
polygon_223,4
polygon_224,4
polygon_225,4
polygon_226,4
polygon_227,4
polygon_228,4
polygon_229,4
polygon_230,4
polygon_231,4
polygon_232,4
polygon_233,4
polygon_234,4
polygon_235,4
polygon_236,4
polygon_237,4
polygon_238,4
polygon_239,4
polygon_240,4
polygon_241,4
polygon_242,4
polygon_243,4
polygon_244,4
polygon_245,4
polygon_246,4
polygon_247,4
polygon_248,4
polygon_249,4
polygon_250,4
polygon_251,4
polygon_252,4
polygon_253,4
polygon_254,4
polygon_255,4
polygon_256,4
polygon_257,4
polygon_258,4
polygon_259,4
polygon_260,4
polygon_261,4
polygon_262,4
polygon_263,4
polygon_264,4
polygon_265,4
polygon_266,4
polygon_267,4
polygon_268,4
polygon_269,4
polygon_270,4
polygon_271,4
polygon_272,4
polygon_273,4
polygon_274,4
polygon_275,4
polygon_276,4
polygon_277,4
polygon_278,4
polygon_279,4
polygon_280,4
polygon_281,4
polygon_282,4
polygon_283,4
polygon_284,4
polygon_285,4
polygon_286,4
polygon_287,4
polygon_288,4
polygon_289,4
polygon_290,4
polygon_291,4
polygon_292,4
polygon_293,4
polygon_294,4
polygon_295,4
polygon_296,4
polygon_297,4
polygon_298,4
polygon_299,4
polygon_300,4
polygon_301,4
polygon_302,4
polygon_303,4
polygon_304,4
polygon_305,4
polygon_306,4
polygon_307,4
polygon_308,4
polygon_309,4
polygon_310,4
polygon_311,4
polygon_312,4
polygon_313,4
polygon_314,4
polygon_315,4
polygon_316,4
polygon_317,4
polygon_318,4
polygon_319,4
polygon_320,4
polygon_321,4
polygon_322,4
polygon_323,4
polygon_324,4
polygon_325,4
polygon_326,4
polygon_327,4
polygon_328,4
polygon_329,4
polygon_330,4
polygon_331,4
polygon_332,4
polygon_333,4
polygon_334,4
polygon_335,4
polygon_336,4
polygon_337,4
polygon_338,4
polygon_339,4
polygon_340,4
polygon_341,4
polygon_342,4
polygon_343,4
polygon_344,4
polygon_345,4
polygon_346,4
polygon_347,4
polygon_348,4
polygon_349,4
polygon_350,4
polygon_351,4
polygon_352,4
polygon_353,4
polygon_354,4
polygon_355,4
polygon_356,4
polygon_357,4
polygon_358,4
polygon_359,4
polygon_360,4
polygon_361,4
polygon_362,4
polygon_363,4
polygon_364,4
polygon_365,4
polygon_366,4
polygon_367,4
polygon_368,4
polygon_369,4
polygon_370,4
polygon_371,4
polygon_372,4
polygon_373,4
polygon_374,4
polygon_375,4
polygon_376,4
polygon_377,4
polygon_378,4
polygon_379,4
polygon_380,4
polygon_381,4
polygon_382,4
polygon_383,4
polygon_384,4
polygon_385,4
polygon_386,4
polygon_387,4
polygon_388,4
polygon_389,4
polygon_390,4
polygon_391,4
polygon_392,4
polygon_393,4
polygon_394,4
polygon_395,4
polygon_396,4
polygon_397,4
polygon_398,4
polygon_399,4
polygon_400,4
polygon_401,4
polygon_402,4
polygon_403,4
polygon_404,4
polygon_405,4
polygon_406,4
polygon_407,4
polygon_408,4
polygon_409,4
polygon_410,4
polygon_411,4
polygon_412,4
polygon_413,4
polygon_414,4
polygon_415,4
polygon_416,4
polygon_417,4
polygon_418,4
polygon_419,4
polygon_420,4
polygon_421,4
polygon_422,4
polygon_423,4
polygon_424,4
polygon_425,4
polygon_426,4
polygon_427,4
polygon_428,4
polygon_429,4
polygon_430,4
polygon_431,4
polygon_432,4
polygon_433,4
polygon_434,4
polygon_435,4
polygon_436,4
polygon_437,4
polygon_438,4
polygon_439,4
polygon_440,4
polygon_441,4
polygon_442,4
polygon_443,4
polygon_444,4
polygon_445,4
polygon_446,4
polygon_447,4
polygon_448,4
polygon_449,4
polygon_450,4
polygon_451,4
polygon_452,4
polygon_453,4
polygon_454,4
polygon_455,4
polygon_456,4
polygon_457,4
polygon_458,4
polygon_459,4
polygon_460,4
polygon_461,4
polygon_462,4
polygon_463,4
polygon_464,4
polygon_465,4
polygon_466,4
polygon_467,4
polygon_468,4
polygon_469,4
polygon_470,4
polygon_471,4
polygon_472,4
polygon_473,4
polygon_474,4
polygon_475,4
polygon_476,4
polygon_477,4
polygon_478,4
polygon_479,4
polygon_480,4
polygon_481,4
polygon_482,4
polygon_483,4
polygon_484,4
polygon_485,4
polygon_486,4
polygon_487,4
polygon_488,4
polygon_489,4
polygon_490,4
polygon_491,4
polygon_492,4
polygon_493,4
polygon_494,4
polygon_495,4
polygon_496,4
polygon_497,4
polygon_498,4
polygon_499,4
polygon_500,4
polygon_501,4
polygon_502,4
polygon_503,4
polygon_504,4
polygon_505,4
polygon_506,4
polygon_507,4
polygon_508,4
polygon_509,4
polygon_510,4
polygon_511,4
polygon_512,4
polygon_513,4
polygon_514,4
polygon_515,4
polygon_516,4
polygon_517,4
polygon_518,4
polygon_519,4
polygon_520,4
polygon_521,4
polygon_522,4
polygon_523,4
polygon_524,4
polygon_525,4
polygon_526,4
polygon_527,4
polygon_528,4
polygon_529,4
polygon_530,4
polygon_531,4
polygon_532,4
polygon_533,4
polygon_534,4
polygon_535,4
polygon_536,4
polygon_537,4
polygon_538,4
polygon_539,4
polygon_540,4
polygon_541,4
polygon_542,4
polygon_543,4
polygon_544,4
polygon_545,4
polygon_546,4
polygon_547,4
polygon_548,4
polygon_549,4
polygon_550,4
polygon_551,4
polygon_552,4
polygon_553,4
polygon_554,4
polygon_555,4
polygon_556,4
polygon_557,4
polygon_558,4
polygon_559,4
polygon_560,4
polygon_561,4
polygon_562,4
polygon_563,4
polygon_564,4
polygon_565,4
polygon_566,4
polygon_567,4
polygon_568,4
polygon_569,4
polygon_570,4
polygon_571,4
polygon_572,4
polygon_573,4
polygon_574,4
polygon_575,4
polygon_576,4
polygon_577,4
polygon_578,4
polygon_579,4
polygon_580,4
polygon_581,4
polygon_582,4
polygon_583,4
polygon_584,4
polygon_585,4
polygon_586,4
polygon_587,4
polygon_588,4
polygon_589,4
polygon_590,4
polygon_591,4
polygon_592,4
polygon_593,4
polygon_594,4
polygon_595,4
polygon_596,4
polygon_597,4
polygon_598,4
polygon_599,4
